Temperature (K),Number of Atoms,Number of B atoms,PD Concentration
1500,4096,1000,0.244140625
1500,4096,1040,0.25390625
1500,4096,1080,0.263671875